Timestamp,Altitude_Deg,Frequency_Hz
14:06:25.379,13.10,137102966.85
14:06:26.574,13.22,137102965.38
14:06:27.784,13.34,137102963.85
14:06:28.949,13.46,137102962.35
14:06:30.121,13.58,137102960.84
14:06:31.284,13.69,137102959.31
14:06:32.452,13.81,137102957.75
14:06:33.627,13.93,137102956.18
14:06:34.801,14.05,137102954.57
14:06:35.981,14.18,137102952.93
14:06:37.139,14.30,137102951.31
14:06:38.302,14.42,137102949.66
14:06:39.480,14.54,137102947.97
14:06:40.649,14.67,137102946.26
14:06:41.833,14.79,137102944.50
14:06:43.015,14.92,137102942.73
14:06:44.199,15.04,137102940.93
14:06:45.373,15.17,137102939.12
14:06:46.552,15.30,137102937.29
14:06:47.733,15.43,137102935.43
14:06:48.902,15.56,137102933.54
14:06:50.070,15.68,137102931.64
14:06:51.251,15.82,137102929.70
14:06:52.417,15.95,137102927.75
14:06:53.598,16.08,137102925.75
14:06:54.788,16.21,137102923.72
14:06:55.968,16.34,137102921.68
14:06:57.140,16.48,137102919.60
14:06:58.320,16.61,137102917.50
14:06:59.498,16.75,137102915.36
14:07:00.677,16.89,137102913.20
14:07:01.858,17.02,137102911.01
14:07:03.033,17.16,137102908.79
14:07:04.217,17.30,137102906.53
14:07:05.393,17.44,137102904.26
14:07:06.559,17.58,137102901.96
14:07:07.726,17.72,137102899.64
14:07:08.906,17.86,137102897.27
14:07:10.081,18.00,137102894.86
14:07:11.252,18.15,137102892.45
14:07:12.435,18.29,137102889.97
14:07:13.625,18.44,137102887.45
14:07:14.795,18.58,137102884.91
14:07:15.971,18.73,137102882.34
14:07:17.139,18.88,137102879.75
14:07:18.311,19.03,137102877.13
14:07:19.485,19.18,137102874.46
14:07:20.660,19.33,137102871.75
14:07:21.845,19.48,137102868.98
14:07:23.019,19.63,137102866.20
14:07:24.193,19.78,137102863.37
14:07:25.369,19.94,137102860.52
14:07:26.549,20.09,137102857.61
14:07:27.727,20.25,137102854.66
14:07:28.905,20.41,137102851.67
14:07:30.079,20.57,137102848.64
14:07:31.253,20.73,137102845.60
14:07:32.431,20.89,137102842.47
14:07:33.602,21.05,137102839.33
14:07:34.776,21.21,137102836.14
14:07:35.955,21.37,137102832.90
14:07:37.135,21.54,137102829.62
14:07:38.308,21.70,137102826.28
14:07:39.485,21.87,137102822.90
14:07:40.660,22.04,137102819.48
14:07:41.836,22.21,137102816.01
14:07:43.008,22.38,137102812.51
14:07:44.183,22.55,137102808.94
14:07:45.371,22.72,137102805.30
14:07:46.557,22.90,137102801.58
14:07:47.733,23.07,137102797.87
14:07:48.913,23.25,137102794.08
14:07:50.093,23.43,137102790.23
14:07:51.273,23.61,137102786.34
14:07:52.443,23.79,137102782.40
14:07:53.612,23.97,137102778.44
14:07:54.786,24.15,137102774.41
14:07:55.968,24.33,137102770.27
14:07:57.144,24.52,137102766.11
14:07:58.319,24.70,137102761.89
14:07:59.503,24.89,137102757.59
14:08:00.678,25.08,137102753.22
14:08:01.854,25.27,137102748.82
14:08:03.021,25.46,137102744.39
14:08:04.193,25.66,137102739.86
14:08:05.370,25.85,137102735.27
14:08:06.543,26.05,137102730.59
14:08:07.722,26.24,137102725.86
14:08:08.892,26.44,137102721.06
14:08:10.067,26.64,137102716.20
14:08:11.243,26.84,137102711.25
14:08:12.418,27.05,137102706.24
14:08:13.593,27.25,137102701.16
14:08:14.764,27.46,137102696.00
14:08:15.932,27.66,137102690.81
14:08:17.110,27.87,137102685.48
14:08:18.279,28.08,137102680.12
14:08:19.454,28.30,137102674.65
14:08:20.628,28.51,137102669.12
14:08:21.811,28.73,137102663.47
14:08:22.981,28.95,137102657.75
14:08:24.155,29.16,137102651.96
14:08:25.324,29.38,137102646.12
14:08:26.496,29.61,137102640.15
14:08:27.670,29.83,137102634.10
14:08:28.852,30.06,137102627.92
14:08:30.025,30.29,137102621.66
14:08:31.204,30.52,137102615.36
14:08:32.378,30.75,137102608.90
14:08:33.559,30.99,137102602.35
14:08:34.738,31.22,137102595.71
14:08:35.909,31.46,137102589.01
14:08:37.089,31.70,137102582.17
14:08:38.263,31.94,137102575.20
14:08:39.438,32.18,137102568.20
14:08:40.608,32.43,137102561.09
14:08:41.786,32.68,137102553.83
14:08:42.971,32.93,137102546.47
14:08:44.146,33.18,137102538.95
14:08:45.316,33.43,137102531.39
14:08:46.494,33.69,137102523.68
14:08:47.666,33.95,137102515.88
14:08:48.841,34.21,137102507.96
14:08:50.016,34.47,137102499.88
14:08:51.188,34.73,137102491.77
14:08:52.361,35.00,137102483.48
14:08:53.540,35.27,137102475.04
14:08:54.710,35.54,137102466.51
14:08:55.875,35.81,137102457.89
14:08:57.062,36.09,137102449.04
14:08:58.238,36.37,137102440.01
14:08:59.413,36.65,137102430.93
14:09:00.582,36.93,137102421.78
14:09:01.756,37.22,137102412.36
14:09:02.928,37.51,137102402.87
14:09:04.107,37.80,137102393.21
14:09:05.278,38.09,137102383.40
14:09:06.456,38.39,137102373.43
14:09:07.633,38.69,137102363.28
14:09:08.820,38.99,137102352.93
14:09:09.991,39.30,137102342.46
14:09:11.167,39.60,137102331.91
14:09:12.345,39.91,137102321.14
14:09:13.528,40.23,137102310.13
14:09:14.703,40.54,137102299.00
14:09:15.872,40.86,137102287.82
14:09:17.057,41.18,137102276.28
14:09:18.235,41.50,137102264.66
14:09:19.420,41.83,137102252.73
14:09:20.597,42.16,137102240.80
14:09:21.776,42.49,137102228.57
14:09:22.949,42.83,137102216.22
14:09:24.129,43.17,137102203.64
14:09:25.296,43.51,137102190.99
14:09:26.473,43.85,137102178.03
14:09:27.656,44.20,137102164.82
14:09:28.832,44.55,137102151.45
14:09:30.011,44.91,137102137.84
14:09:31.185,45.26,137102124.16
14:09:32.363,45.62,137102110.19
14:09:33.538,45.98,137102096.04
14:09:34.715,46.35,137102081.69
14:09:35.889,46.72,137102067.07
14:09:37.077,47.09,137102052.09
14:09:38.263,47.47,137102036.93
14:09:39.446,47.85,137102021.57
14:09:40.627,48.24,137102006.02
14:09:41.805,48.62,137101990.23
14:09:42.992,49.02,137101974.08
14:09:44.171,49.41,137101957.85
14:09:45.348,49.80,137101941.41
14:09:46.525,50.20,137101924.68
14:09:47.701,50.61,137101907.75
14:09:48.877,51.01,137101890.56
14:09:50.052,51.42,137101873.11
14:09:51.233,51.84,137101855.44
14:09:52.414,52.25,137101837.37
14:09:53.594,52.67,137101819.15
14:09:54.777,53.10,137101800.64
14:09:55.948,53.53,137101781.91
14:09:57.129,53.96,137101762.89
14:09:58.307,54.39,137101743.56
14:09:59.488,54.83,137101724.01
14:10:00.657,55.27,137101704.31
14:10:01.834,55.71,137101684.23
14:10:03.013,56.16,137101663.86
14:10:04.199,56.61,137101643.14
14:10:05.371,57.07,137101622.32
14:10:06.552,57.53,137101601.04
14:10:07.736,57.99,137101579.52
14:10:08.919,58.46,137101557.66
14:10:10.092,58.93,137101535.61
14:10:11.272,59.39,137101513.40
14:10:12.451,59.87,137101490.78
14:10:13.631,60.35,137101467.88
14:10:14.810,60.83,137101444.67
14:10:15.984,61.31,137101421.32
14:10:17.169,61.80,137101397.46
14:10:18.347,62.30,137101373.44
14:10:19.534,62.79,137101349.08
14:10:20.712,63.29,137101324.45
14:10:21.890,63.79,137101299.57
14:10:23.075,64.29,137101274.31
14:10:24.255,64.80,137101248.91
14:10:25.428,65.31,137101223.24
14:10:26.607,65.82,137101197.30
14:10:27.789,66.33,137101170.99
14:10:28.965,66.84,137101144.51
14:10:30.138,67.36,137101117.79
14:10:31.313,67.88,137101090.93
14:10:32.491,68.40,137101063.63
14:10:33.667,68.92,137101036.13
14:10:34.851,69.44,137101008.24
14:10:36.031,69.97,137100980.20
14:10:37.213,70.50,137100951.74
14:10:38.390,71.03,137100923.22
14:10:39.576,71.56,137100894.30
14:10:40.753,72.08,137100865.33
14:10:41.939,72.62,137100835.87
14:10:43.117,73.14,137100806.40
14:10:44.300,73.67,137100776.62
14:10:45.487,74.20,137100746.72
14:10:46.667,74.73,137100716.36
14:10:47.845,75.25,137100686.04
14:10:49.016,75.76,137100655.90
14:10:50.197,76.28,137100625.11
14:10:51.374,76.79,137100594.23
14:10:52.550,77.30,137100563.26
14:10:53.724,77.80,137100532.24
14:10:54.895,78.29,137100501.10
14:10:56.077,78.77,137100469.72
14:10:57.254,79.25,137100438.04
14:10:58.432,79.71,137100406.30
14:10:59.608,80.16,137100374.48
14:11:00.784,80.59,137100342.64
14:11:01.954,81.00,137100310.70
14:11:03.127,81.39,137100278.70
14:11:04.306,81.75,137100246.57
14:11:05.480,82.09,137100214.31
14:11:06.658,82.39,137100181.92
14:11:07.833,82.66,137100149.55
14:11:09.021,82.88,137100116.80
14:11:10.206,83.06,137100084.30
14:11:11.379,83.19,137100051.75
14:11:12.559,83.26,137100019.13
14:11:13.735,83.28,137099986.70
14:11:14.921,83.24,137099953.92
14:11:16.114,83.15,137099921.08
14:11:17.292,83.00,137099888.54
14:11:18.473,82.81,137099855.94
14:11:19.650,82.57,137099823.55
14:11:20.833,82.29,137099791.03
14:11:22.014,81.97,137099758.74
14:11:23.190,81.62,137099726.47
14:11:24.370,81.25,137099694.25
14:11:25.551,80.85,137099662.09
14:11:26.734,80.43,137099630.03
14:11:27.919,79.99,137099598.03
14:11:29.103,79.53,137099566.09
14:11:30.278,79.07,137099534.60
14:11:31.463,78.58,137099502.94
14:11:32.640,78.10,137099471.60
14:11:33.824,77.60,137099440.34
14:11:35.006,77.09,137099409.10
14:11:36.181,76.59,137099378.55
14:11:37.362,76.08,137099347.69
14:11:38.531,75.56,137099317.39
14:11:39.704,75.05,137099287.27
14:11:40.882,74.53,137099257.27
14:11:42.057,74.00,137099227.39
14:11:43.232,73.48,137099197.83
14:11:44.409,72.95,137099168.36
14:11:45.584,72.43,137099139.16
14:11:46.768,71.90,137099110.09
14:11:47.938,71.37,137099081.34
14:11:49.101,70.85,137099053.11
14:11:50.265,70.34,137099025.18
14:11:51.448,69.81,137098997.13
14:11:52.626,69.29,137098969.23
14:11:53.801,68.77,137098941.85
14:11:54.990,68.24,137098914.18
14:11:56.165,67.73,137098887.19
14:11:57.352,67.21,137098860.35
14:11:58.523,66.69,137098833.87
14:11:59.813,66.13,137098805.11
14:12:00.978,65.63,137098779.48
14:12:02.152,65.12,137098753.86
14:12:03.327,64.62,137098728.59
14:12:04.501,64.12,137098703.51
14:12:05.679,63.62,137098678.80
14:12:06.868,63.12,137098653.95
14:12:08.052,62.63,137098629.53
14:12:09.231,62.14,137098605.55
14:12:10.405,61.65,137098581.81
14:12:11.578,61.17,137098558.45
14:12:12.756,60.69,137098535.34
14:12:13.927,60.21,137098512.56
14:12:15.096,59.74,137098490.09
14:12:16.265,59.27,137098468.06
14:12:17.442,58.80,137098445.98
14:12:18.619,58.34,137098424.29
14:12:19.794,57.88,137098402.83
14:12:20.971,57.42,137098381.69
14:12:22.152,56.96,137098360.72
14:12:23.329,56.51,137098340.13
14:12:24.519,56.06,137098319.59
14:12:25.692,55.62,137098299.52
14:12:26.875,55.17,137098279.61
14:12:28.061,54.73,137098259.98
14:12:29.247,54.30,137098240.55
14:12:30.423,53.87,137098221.54
14:12:31.605,53.44,137098202.77
14:12:32.783,53.01,137098184.27
14:12:33.976,52.59,137098165.86
14:12:35.161,52.17,137098147.71
14:12:36.344,51.75,137098129.99
14:12:37.526,51.34,137098112.41
14:12:38.700,50.94,137098095.25
14:12:39.886,50.53,137098078.36
14:12:41.051,50.13,137098061.64
14:12:42.229,49.74,137098045.22
14:12:43.406,49.35,137098029.00
14:12:44.581,48.96,137098013.00
14:12:45.754,48.57,137097997.33
14:12:46.925,48.19,137097981.90
14:12:48.103,47.81,137097966.62
14:12:49.273,47.44,137097951.68
14:12:50.449,47.07,137097936.80
14:12:51.622,46.70,137097922.25
14:12:52.796,46.33,137097907.91
14:12:53.969,45.97,137097893.77
14:12:55.139,45.61,137097879.82
14:12:56.307,45.26,137097866.21
14:12:57.477,44.91,137097852.74
14:12:58.646,44.56,137097839.47
14:12:59.826,44.21,137097826.30
14:13:01.001,43.86,137097813.37
14:13:02.173,43.52,137097800.60
14:13:03.350,43.19,137097788.08
14:13:04.527,42.85,137097775.71
14:13:05.689,42.52,137097763.67
14:13:06.862,42.19,137097751.73
14:13:08.040,41.87,137097739.90
14:13:09.215,41.54,137097728.26
14:13:10.387,41.22,137097716.85
14:13:11.567,40.90,137097705.58
14:13:12.745,40.59,137097694.44
14:13:13.931,40.27,137097683.42
14:13:15.112,39.96,137097672.58
14:13:16.295,39.65,137097661.94
14:13:17.478,39.35,137097651.40
14:13:18.670,39.04,137097640.99
14:13:19.850,38.74,137097630.83
14:13:21.021,38.44,137097620.91
14:13:22.198,38.15,137097611.07
14:13:23.369,37.86,137097601.45
14:13:24.541,37.57,137097591.95
14:13:25.719,37.29,137097582.60
14:13:26.908,37.00,137097573.28
14:13:28.086,36.72,137097564.14
14:13:29.254,36.44,137097555.20
14:13:30.420,36.16,137097546.45
14:13:31.601,35.89,137097537.78
14:13:32.779,35.62,137097529.21
14:13:33.958,35.35,137097520.76
14:13:35.136,35.08,137097512.41
14:13:36.318,34.81,137097504.22
14:13:37.506,34.55,137097496.10
14:13:38.693,34.28,137097488.11
14:13:39.873,34.02,137097480.28
14:13:41.045,33.77,137097472.61
14:13:42.225,33.52,137097465.06
14:13:43.401,33.26,137097457.54
14:13:44.576,33.01,137097450.20
14:13:45.752,32.76,137097443.01
14:13:46.932,32.52,137097435.83
14:13:48.116,32.27,137097428.77
14:13:49.292,32.03,137097421.85
14:13:50.470,31.79,137097415.02
14:13:51.650,31.55,137097408.29
14:13:52.837,31.31,137097401.62
14:13:54.022,31.08,137097395.05
14:13:55.205,30.84,137097388.60
14:13:56.385,30.61,137097382.27
14:13:57.568,30.38,137097376.01
14:13:58.751,30.15,137097369.85
14:13:59.940,29.93,137097363.76
14:14:01.103,29.70,137097357.81
14:14:02.286,29.48,137097351.94
14:14:03.463,29.26,137097346.17
14:14:04.643,29.04,137097340.44
14:14:05.823,28.83,137097334.81
14:14:06.994,28.61,137097329.30
14:14:08.179,28.40,137097323.81
14:14:09.358,28.19,137097318.42
14:14:10.529,27.98,137097313.15
14:14:11.710,27.77,137097307.92
14:14:12.894,27.56,137097302.75
14:14:14.074,27.36,137097297.67
14:14:15.256,27.15,137097292.63
14:14:16.435,26.95,137097287.72
14:14:17.622,26.75,137097282.83
14:14:18.803,26.55,137097278.03
14:14:19.989,26.35,137097273.30
14:14:21.167,26.15,137097268.64
14:14:22.351,25.96,137097264.04
14:14:23.536,25.76,137097259.49
14:14:24.719,25.57,137097255.02
14:14:25.904,25.38,137097250.61
14:14:27.081,25.19,137097246.29
14:14:28.265,25.00,137097242.01
14:14:29.454,24.81,137097237.78
14:14:30.651,24.63,137097233.56
14:14:31.847,24.44,137097229.41
14:14:33.026,24.26,137097225.38
14:14:34.227,24.07,137097221.36
14:14:35.409,23.89,137097217.41
14:14:36.591,23.71,137097213.55
14:14:37.776,23.53,137097209.73
14:14:38.980,23.35,137097205.91
14:14:40.154,23.18,137097202.21
14:14:41.322,23.01,137097198.59
14:14:42.511,22.83,137097194.98
14:14:43.695,22.66,137097191.42
14:14:44.878,22.49,137097187.91
14:14:46.048,22.32,137097184.49
14:14:47.237,22.15,137097181.07
14:14:48.420,21.99,137097177.74
14:14:49.601,21.82,137097174.38
14:14:50.790,21.65,137097171.11
14:14:51.968,21.49,137097167.90
14:14:53.149,21.32,137097164.72
14:14:54.334,21.16,137097161.58
14:14:55.511,21.00,137097158.50
14:14:56.697,20.84,137097155.45
14:14:57.873,20.68,137097152.46
14:14:59.048,20.53,137097149.51
14:15:00.236,20.37,137097146.56
14:15:01.421,20.21,137097143.70
14:15:02.599,20.06,137097140.85
14:15:03.771,19.91,137097138.07
14:15:04.947,19.75,137097135.32
14:15:06.121,19.60,137097132.62
14:15:07.304,19.45,137097129.92
14:15:08.482,19.30,137097127.28
14:15:09.661,19.15,137097124.66
14:15:10.832,19.01,137097122.10
14:15:12.014,18.86,137097119.58
14:15:13.184,18.71,137097117.07
14:15:14.353,18.57,137097114.61
14:15:15.535,18.43,137097112.18
14:15:16.717,18.28,137097109.75
14:15:17.907,18.14,137097107.36
14:15:19.082,18.00,137097105.02
14:15:20.256,17.86,137097102.72
14:15:21.424,17.72,137097100.47
14:15:22.594,17.58,137097098.23
14:15:23.762,17.44,137097096.04
14:15:24.936,17.30,137097093.86
14:15:26.108,17.17,137097091.71
14:15:27.293,17.03,137097089.57
14:15:28.477,16.89,137097087.47
14:15:29.652,16.76,137097085.39
14:15:30.822,16.63,137097083.37
14:15:32.000,16.49,137097081.35
14:15:33.181,16.36,137097079.36
14:15:34.362,16.23,137097077.39
14:15:35.530,16.10,137097075.47
14:15:36.707,15.97,137097073.56
14:15:37.879,15.84,137097071.69
14:15:39.060,15.71,137097069.82
14:15:40.240,15.58,137097067.99
14:15:41.415,15.46,137097066.19
14:15:42.600,15.33,137097064.39
14:15:43.777,15.20,137097062.63
14:15:44.961,15.08,137097060.89
14:15:46.131,14.95,137097059.19
14:15:47.317,14.83,137097057.49
14:15:48.501,14.70,137097055.81
14:15:49.679,14.58,137097054.16
14:15:50.860,14.46,137097052.54
14:15:52.028,14.34,137097050.94
14:15:53.199,14.22,137097049.38
14:15:54.374,14.10,137097047.83
14:15:55.557,13.98,137097046.28
14:15:56.726,13.86,137097044.77
14:15:57.900,13.74,137097043.28
14:15:59.081,13.62,137097041.81
14:16:00.252,13.50,137097040.35
14:16:01.426,13.39,137097038.93
14:16:02.605,13.27,137097037.51
14:16:03.779,13.16,137097036.12
14:16:04.952,13.04,137097034.74
14:16:06.121,12.93,137097033.40
14:16:07.298,12.81,137097032.06
14:16:08.481,12.70,137097030.74
14:16:09.661,12.59,137097029.43
14:16:10.827,12.48,137097028.15
14:16:12.009,12.37,137097026.88
14:16:13.185,12.25,137097025.63
14:16:14.369,12.14,137097024.39
14:16:15.545,12.03,137097023.18
14:16:16.731,11.92,137097021.97
14:16:17.919,11.81,137097020.78
14:16:19.109,11.70,137097019.60
14:16:20.283,11.59,137097018.45
14:16:21.458,11.49,137097017.32
14:16:22.641,11.38,137097016.20
14:16:23.811,11.27,137097015.10
14:16:24.984,11.17,137097014.02
14:16:26.155,11.06,137097012.95
14:16:27.328,10.96,137097011.90
14:16:28.504,10.85,137097010.86
14:16:29.680,10.75,137097009.83
14:16:30.848,10.65,137097008.83
14:16:32.021,10.54,137097007.83
14:16:33.228,10.44,137097006.83
14:16:34.408,10.33,137097005.85
14:16:35.576,10.23,137097004.91
14:16:36.753,10.13,137097003.97
14:16:37.928,10.03,137097003.04
14:16:39.112,9.93,137097002.12
14:16:40.281,9.83,137097001.22
14:16:41.461,9.73,137097000.34
14:16:42.636,9.63,137096999.46
14:16:43.819,9.53,137096998.60
14:16:45.006,9.43,137096997.75
14:16:46.170,9.33,137096996.91
14:16:47.353,9.24,137096996.09
14:16:48.532,9.14,137096995.27
14:16:49.713,9.04,137096994.47
14:16:50.885,8.94,137096993.69
14:16:52.075,8.85,137096992.90
14:16:53.272,8.75,137096992.13
14:16:54.459,8.65,137096991.37
14:16:55.633,8.56,137096990.63
14:16:56.816,8.46,137096989.90
14:16:58.004,8.37,137096989.17
14:16:59.190,8.27,137096988.46
14:17:00.383,8.18,137096987.76
14:17:01.561,8.09,137096987.07
14:17:02.742,7.99,137096986.40
14:17:03.923,7.90,137096985.73
14:17:05.098,7.81,137096985.08
14:17:06.273,7.72,137096984.44
14:17:07.449,7.63,137096983.81
14:17:08.629,7.54,137096983.19
14:17:09.807,7.45,137096982.58
14:17:10.985,7.35,137096981.97
14:17:12.165,7.26,137096981.38
14:17:13.336,7.18,137096980.80
14:17:14.512,7.09,137096980.24
14:17:15.690,7.00,137096979.67
14:17:16.867,6.91,137096979.12
14:17:18.044,6.82,137096978.58
14:17:19.217,6.73,137096978.05
14:17:20.386,6.65,137096977.53
14:17:21.581,6.56,137096977.01
14:17:22.757,6.47,137096976.50
14:17:23.934,6.39,137096976.01
14:17:25.118,6.30,137096975.51
14:17:26.296,6.21,137096975.04
14:17:27.475,6.13,137096974.57
14:17:28.655,6.04,137096974.10
14:17:29.835,5.96,137096973.65
14:17:31.013,5.87,137096973.20
14:17:32.190,5.79,137096972.77
14:17:33.366,5.70,137096972.34
14:17:34.546,5.62,137096971.92
14:17:35.724,5.54,137096971.51
14:17:36.905,5.45,137096971.11
14:17:38.081,5.37,137096970.71
14:17:39.265,5.29,137096970.33
14:17:40.440,5.21,137096969.95
14:17:41.634,5.12,137096969.57
14:17:42.814,5.04,137096969.21
14:17:43.998,4.96,137096968.85
14:17:45.181,4.88,137096968.50
14:17:46.356,4.80,137096968.16
14:17:47.535,4.72,137096967.83
14:17:48.721,4.64,137096967.50
14:17:49.899,4.56,137096967.18
14:17:51.071,4.48,137096966.87
14:17:52.250,4.40,137096966.57
14:17:53.431,4.32,137096966.27
14:17:54.617,4.24,137096965.98
14:17:55.798,4.17,137096965.70
14:17:56.978,4.09,137096965.42
14:17:58.159,4.01,137096965.15
14:17:59.337,3.93,137096964.89
14:18:00.512,3.86,137096964.64
14:18:01.687,3.78,137096964.39
14:18:02.868,3.70,137096964.15
14:18:04.048,3.63,137096963.91
14:18:05.223,3.55,137096963.68
14:18:06.401,3.48,137096963.46
14:18:07.577,3.40,137096963.25
14:18:08.754,3.33,137096963.04
14:18:09.936,3.25,137096962.83
14:18:11.112,3.18,137096962.64
14:18:12.288,3.10,137096962.45
14:18:13.469,3.03,137096962.26
14:18:14.642,2.96,137096962.09
14:18:15.822,2.88,137096961.91
14:18:17.002,2.81,137096961.75
14:18:18.182,2.74,137096961.59
14:18:19.355,2.67,137096961.43
14:18:20.533,2.59,137096961.28
14:18:21.716,2.52,137096961.14
14:18:22.888,2.45,137096961.01
14:18:24.066,2.38,137096960.88
14:18:25.240,2.31,137096960.75
14:18:26.410,2.24,137096960.63
14:18:27.591,2.17,137096960.52
14:18:28.771,2.10,137096960.41
14:18:29.951,2.03,137096960.31
14:18:31.127,1.96,137096960.21
14:18:32.300,1.89,137096960.12
14:18:33.481,1.83,137096960.03
14:18:34.667,1.76,137096959.95
14:18:35.844,1.69,137096959.87
14:18:37.024,1.62,137096959.80
14:18:38.198,1.56,137096959.74
14:18:39.380,1.49,137096959.68
14:18:40.554,1.42,137096959.62
14:18:41.735,1.36,137096959.57
14:18:42.914,1.29,137096959.53
14:18:44.102,1.23,137096959.49
14:18:45.277,1.16,137096959.45
14:18:46.457,1.10,137096959.42
14:18:47.635,1.03,137096959.40
14:18:48.815,0.97,137096959.38
14:18:49.993,0.91,137096959.36
14:18:51.166,0.84,137096959.35
14:18:52.352,0.78,137096959.35
14:18:53.532,0.72,137096959.35
14:18:54.716,0.66,137096959.35
14:18:55.888,0.60,137096959.36
14:18:57.079,0.53,137096959.37
14:18:58.256,0.47,137096959.39
14:18:59.433,0.41,137096959.41
14:19:00.603,0.35,137096959.44
14:19:01.781,0.30,137096959.47
14:19:02.957,0.24,137096959.51
14:19:04.144,0.18,137096959.55
14:19:05.316,0.12,137096959.59
14:19:06.489,0.06,137096959.64
14:19:07.668,0.01,137096959.70
14:19:08.848,-0.05,137096959.76
14:19:10.019,-0.11,137096959.82
14:19:11.188,-0.16,137096959.88
14:19:12.363,-0.22,137096959.95
14:19:13.549,-0.27,137096960.03
14:19:14.731,-0.33,137096960.11
14:19:15.903,-0.38,137096960.19
14:19:17.080,-0.43,137096960.28
14:19:18.263,-0.49,137096960.37
14:19:19.442,-0.54,137096960.47
14:19:20.617,-0.59,137096960.57
14:19:21.792,-0.64,137096960.67
14:19:22.967,-0.69,137096960.78
14:19:24.145,-0.74,137096960.89
14:19:25.319,-0.79,137096961.01
14:19:26.494,-0.84,137096961.13
14:19:27.675,-0.89,137096961.25
14:19:28.852,-0.94,137096961.38
14:19:30.034,-0.99,137096961.51
14:19:31.210,-1.04,137096961.64
14:19:32.386,-1.08,137096961.78
14:19:33.561,-1.13,137096961.93
14:19:34.745,-1.18,137096962.07
14:19:35.918,-1.23,137096962.22
14:19:37.103,-1.27,137096962.38
14:19:38.281,-1.32,137096962.54
14:19:39.462,-1.36,137096962.70
14:19:40.633,-1.41,137096962.86
14:19:41.807,-1.45,137096963.03
14:19:42.987,-1.50,137096963.20
14:19:44.169,-1.54,137096963.38
14:19:45.343,-1.59,137096963.56
14:19:46.521,-1.63,137096963.74
14:19:47.699,-1.67,137096963.93
14:19:48.881,-1.72,137096964.12
14:19:50.064,-1.76,137096964.31
14:19:51.234,-1.80,137096964.51
14:19:52.415,-1.85,137096964.71
14:19:53.572,-1.89,137096964.91
14:19:54.755,-1.93,137096965.12
14:19:55.922,-1.98,137096965.33
14:19:57.095,-2.02,137096965.54
14:19:58.268,-2.06,137096965.76
14:19:59.441,-2.11,137096965.98
14:20:00.607,-2.15,137096966.20
14:20:01.799,-2.20,137096966.43
14:20:02.976,-2.24,137096966.66
14:20:04.156,-2.29,137096966.89
14:20:05.331,-2.34,137096967.13
14:20:06.498,-2.38,137096967.37
14:20:07.681,-2.43,137096967.61
14:20:08.850,-2.48,137096967.86
14:20:10.024,-2.54,137096968.11
14:20:11.203,-2.59,137096968.36
14:20:12.373,-2.65,137096968.61
14:20:13.549,-2.71,137096968.87
14:20:14.723,-2.77,137096969.13
14:20:15.902,-2.84,137096969.40
14:20:17.074,-2.91,137096969.67
14:20:18.247,-2.99,137096969.94
14:20:19.421,-3.08,137096970.21
14:20:20.597,-3.18,137096970.49
14:20:21.776,-3.30,137096970.77
14:20:22.956,-3.45,137096971.05
14:20:24.137,-3.63,137096971.34
14:20:25.320,-3.82,137096971.63
14:20:26.499,-4.00,137096971.92
14:20:27.679,-4.16,137096972.22
14:20:28.846,-4.30,137096972.52
14:20:30.023,-4.43,137096972.82
14:20:31.197,-4.55,137096973.12
14:20:32.379,-4.66,137096973.43
14:20:33.552,-4.76,137096973.74
14:20:34.738,-4.86,137096974.05
14:20:35.918,-4.95,137096974.37
14:20:37.097,-5.04,137096974.69
14:20:38.275,-5.13,137096975.01
14:20:39.459,-5.21,137096975.33
14:20:40.633,-5.29,137096975.66
14:20:41.814,-5.37,137096975.99
14:20:43.001,-5.45,137096976.32
14:20:44.177,-5.52,137096976.66
14:20:45.357,-5.60,137096977.00
14:20:46.521,-5.67,137096977.33
14:20:47.718,-5.74,137096977.68
14:20:48.899,-5.81,137096978.03
14:20:50.079,-5.88,137096978.38
14:20:51.249,-5.95,137096978.73
14:20:52.429,-6.02,137096979.08
14:20:53.605,-6.09,137096979.44
14:20:54.789,-6.16,137096979.80
14:20:55.955,-6.22,137096980.16
14:20:57.149,-6.29,137096980.53
14:20:58.325,-6.35,137096980.90
14:20:59.516,-6.42,137096981.27
14:21:00.683,-6.48,137096981.64
14:21:01.858,-6.55,137096982.01
14:21:03.035,-6.61,137096982.39
14:21:04.220,-6.67,137096982.77
14:21:05.391,-6.73,137096983.16
14:21:06.564,-6.80,137096983.54
14:21:07.747,-6.86,137096983.93
14:21:08.931,-6.92,137096984.32
14:21:10.106,-6.98,137096984.71
14:21:11.280,-7.04,137096985.10
14:21:12.457,-7.10,137096985.50
14:21:13.638,-7.16,137096985.90
14:21:14.817,-7.22,137096986.31
14:21:15.987,-7.28,137096986.71
14:21:17.158,-7.34,137096987.12
14:21:18.335,-7.40,137096987.52
14:21:19.511,-7.46,137096987.94
14:21:20.686,-7.52,137096988.35
14:21:21.867,-7.58,137096988.77
14:21:23.045,-7.64,137096989.19
14:21:24.225,-7.70,137096989.61
14:21:25.400,-7.75,137096990.04
14:21:26.575,-7.81,137096990.46
14:21:27.752,-7.87,137096990.89
14:21:28.930,-7.93,137096991.32
14:21:30.116,-7.99,137096991.76
14:21:31.289,-8.04,137096992.19
14:21:32.461,-8.10,137096992.63
14:21:33.636,-8.16,137096993.07
14:21:34.822,-8.21,137096993.51
14:21:35.990,-8.27,137096993.95
14:21:37.170,-8.32,137096994.40
14:21:38.362,-8.38,137096994.85
14:21:39.547,-8.44,137096995.31
14:21:40.719,-8.49,137096995.76
14:21:41.894,-8.55,137096996.22
14:21:43.071,-8.60,137096996.68
14:21:44.251,-8.66,137096997.14
14:21:45.427,-8.71,137096997.60
14:21:46.608,-8.77,137096998.07
14:21:47.784,-8.82,137096998.54
14:21:48.957,-8.88,137096999.01
14:21:50.133,-8.93,137096999.47
14:21:51.303,-8.98,137096999.95
14:21:52.481,-9.04,137097000.42
14:21:53.655,-9.09,137097000.90
14:21:54.832,-9.15,137097001.38
14:21:56.004,-9.20,137097001.86
14:21:57.181,-9.26,137097002.34
14:21:58.363,-9.31,137097002.83
14:21:59.553,-9.36,137097003.32
14:22:00.724,-9.42,137097003.82
14:22:01.898,-9.47,137097004.31
14:22:03.072,-9.53,137097004.80
14:22:04.253,-9.58,137097005.30
14:22:05.423,-9.63,137097005.80
14:22:06.602,-9.69,137097006.30
14:22:07.775,-9.74,137097006.80
14:22:08.956,-9.79,137097007.31
14:22:10.131,-9.85,137097007.82
14:22:11.301,-9.90,137097008.32
14:22:12.483,-9.96,137097008.84
14:22:13.667,-10.01,137097009.35
14:22:14.837,-10.06,137097009.87
14:22:16.009,-10.11,137097010.38
14:22:17.190,-10.17,137097010.91
14:22:18.371,-10.22,137097011.43
14:22:19.546,-10.27,137097011.95
14:22:20.713,-10.33,137097012.48
14:22:21.892,-10.38,137097013.00
14:22:23.069,-10.43,137097013.53
14:22:24.252,-10.49,137097014.07
14:22:25.428,-10.54,137097014.60
14:22:26.605,-10.59,137097015.14
14:22:27.782,-10.64,137097015.68
14:22:28.956,-10.70,137097016.22
14:22:30.138,-10.75,137097016.76
14:22:31.313,-10.80,137097017.30
14:22:32.493,-10.85,137097017.85
14:22:33.660,-10.91,137097018.39
14:22:34.841,-10.96,137097018.94
14:22:36.018,-11.01,137097019.50
14:22:37.194,-11.06,137097020.05
14:22:38.372,-11.11,137097020.60
14:22:39.550,-11.17,137097021.16
14:22:40.729,-11.22,137097021.72
14:22:41.906,-11.27,137097022.29
14:22:43.090,-11.32,137097022.85
14:22:44.269,-11.38,137097023.42
14:22:45.457,-11.43,137097023.99
14:22:46.636,-11.48,137097024.56
14:22:47.820,-11.53,137097025.13
14:22:49.000,-11.58,137097025.71
14:22:50.193,-11.64,137097026.29
14:22:51.370,-11.69,137097026.87
14:22:52.541,-11.74,137097027.44
14:22:53.722,-11.79,137097028.02
14:22:54.904,-11.84,137097028.61
14:22:56.076,-11.89,137097029.19
14:22:57.252,-11.94,137097029.78
14:22:58.424,-12.00,137097030.36
14:22:59.607,-12.05,137097030.95
14:23:00.784,-12.10,137097031.54
14:23:01.953,-12.15,137097032.13
14:23:03.130,-12.20,137097032.73
14:23:04.309,-12.25,137097033.33
14:23:05.482,-12.30,137097033.92
14:23:06.649,-12.35,137097034.52
14:23:07.820,-12.40,137097035.12
14:23:08.993,-12.45,137097035.72
14:23:10.163,-12.50,137097036.32
14:23:11.331,-12.55,137097036.92
14:23:12.499,-12.60,137097037.53
14:23:13.684,-12.66,137097038.14
14:23:14.856,-12.71,137097038.75
14:23:16.032,-12.76,137097039.37
